<?xml version="1.0" encoding="UTF-8"?>
<packaging:packageUnit xmlns:packaging="http://schemas.tibco.com/tra/model/core/PackagingModel" xmlns:tibprop="http://ns.tibco.com/bw/property" xmlns:xsd="http://www.w3.org/2001/XMLSchema">
  <packaging:description></packaging:description>
  <packaging:properties>
    <packaging:property>
      <packaging:name>//sample.poc//BW.APPNODE.NAME</packaging:name>
      <packaging:type>xsd:string</packaging:type>
      <packaging:visibility>private</packaging:visibility>
      <packaging:scalable>true</packaging:scalable>
      <packaging:overrideValue>false</packaging:overrideValue>
    </packaging:property>
    <packaging:property>
      <packaging:name>//sample.poc//BW.DEPLOYMENTUNIT.NAME</packaging:name>
      <packaging:type>xsd:string</packaging:type>
      <packaging:visibility>private</packaging:visibility>
      <packaging:scalable>true</packaging:scalable>
      <packaging:overrideValue>false</packaging:overrideValue>
    </packaging:property>
    <packaging:property>
      <packaging:name>//sample.poc//BW.HOST.NAME</packaging:name>
      <packaging:type>xsd:string</packaging:type>
      <packaging:visibility>private</packaging:visibility>
      <packaging:scalable>true</packaging:scalable>
      <packaging:overrideValue>false</packaging:overrideValue>
    </packaging:property>
    <packaging:property>
      <packaging:name>//sample.poc//BW.DEPLOYMENTUNIT.VERSION</packaging:name>
      <packaging:type>xsd:string</packaging:type>
      <packaging:visibility>private</packaging:visibility>
      <packaging:scalable>true</packaging:scalable>
      <packaging:overrideValue>false</packaging:overrideValue>
    </packaging:property>
    <packaging:property>
      <packaging:name>//sample.poc//BW.MODULE.VERSION</packaging:name>
      <packaging:type>xsd:string</packaging:type>
      <packaging:visibility>private</packaging:visibility>
      <packaging:scalable>true</packaging:scalable>
      <packaging:overrideValue>false</packaging:overrideValue>
    </packaging:property>
    <packaging:property>
      <packaging:name>//sample.poc//BW.CLOUD.PORT</packaging:name>
      <packaging:type>xsd:int</packaging:type>
      <packaging:visibility>private</packaging:visibility>
      <packaging:scalable>true</packaging:scalable>
      <packaging:overrideValue>false</packaging:overrideValue>
    </packaging:property>
    <packaging:property>
      <packaging:name>//sample.poc//BW.MODULE.NAME</packaging:name>
      <packaging:type>xsd:string</packaging:type>
      <packaging:visibility>private</packaging:visibility>
      <packaging:scalable>true</packaging:scalable>
      <packaging:overrideValue>false</packaging:overrideValue>
    </packaging:property>
    <packaging:property>
      <packaging:name>//sample.poc//newProperty</packaging:name>
      <packaging:type>xsd:string</packaging:type>
      <packaging:visibility>public</packaging:visibility>
      <packaging:scalable>true</packaging:scalable>
      <packaging:overrideValue>false</packaging:overrideValue>
    </packaging:property>
    <packaging:property>
      <packaging:name>//sample.poc//queue_name</packaging:name>
      <packaging:type>xsd:string</packaging:type>
      <packaging:visibility>public</packaging:visibility>
      <packaging:scalable>true</packaging:scalable>
      <packaging:overrideValue>false</packaging:overrideValue>
    </packaging:property>
    <packaging:property>
      <packaging:name>//sample.poc//db_pswd</packaging:name>
      <packaging:type>xsd:string</packaging:type>
      <packaging:visibility>public</packaging:visibility>
      <packaging:scalable>true</packaging:scalable>
      <packaging:overrideValue>false</packaging:overrideValue>
    </packaging:property>
    <packaging:property>
      <packaging:name>//sample.poc//db_user</packaging:name>
      <packaging:type>xsd:string</packaging:type>
      <packaging:visibility>public</packaging:visibility>
      <packaging:scalable>true</packaging:scalable>
      <packaging:overrideValue>false</packaging:overrideValue>
    </packaging:property>
    <packaging:property>
      <packaging:name>//sample.poc//db_url</packaging:name>
      <packaging:type>xsd:string</packaging:type>
      <packaging:visibility>public</packaging:visibility>
      <packaging:scalable>true</packaging:scalable>
      <packaging:overrideValue>false</packaging:overrideValue>
    </packaging:property>
    <packaging:property>
      <packaging:name>//sample.poc//BW.CLOUD.PORT1</packaging:name>
      <packaging:type>xsd:int</packaging:type>
      <packaging:visibility>public</packaging:visibility>
      <packaging:scalable>true</packaging:scalable>
      <packaging:overrideValue>false</packaging:overrideValue>
    </packaging:property>
    <packaging:property>
      <packaging:name>//sample.poc//newProperty1</packaging:name>
      <packaging:type>xsd:string</packaging:type>
      <packaging:visibility>public</packaging:visibility>
      <packaging:scalable>true</packaging:scalable>
      <packaging:overrideValue>false</packaging:overrideValue>
    </packaging:property>
  </packaging:properties>
  <packaging:modules>
    <packaging:module>
      <packaging:symbolicName>sample.poc</packaging:symbolicName>
      <packaging:technologyType>osgi-bundle,bw-appmodule</packaging:technologyType>
      <packaging:technologyVersion>1.0.0.qualifier</packaging:technologyVersion>
    </packaging:module>
  </packaging:modules>
</packaging:packageUnit>